{"images":[{"title":"rage-blonde smile","filename":"rage-blonde_smile.jpg","tags":["other"]},{"title":"rage-Table-Flip-Guy","filename":"rage-Table-Flip-Guy.jpg","tags":["other"]},{"title":"Bear-said-Whore-by-Rones","filename":"Bear-said-Whore-by-Rones.png","tags":["other"]},{"title":"rage-LOL-Guy","filename":"rage-LOL-Guy.jpg","tags":["other"]},{"title":"rage-troll face","filename":"rage-troll_face.jpg","tags":["other"]},{"title":"rage-Not-Bad-Obama","filename":"rage-Not-Bad-Obama.jpg","tags":["other"]},{"title":"rage-blonde up","filename":"rage-blonde_up.jpg","tags":["other"]},{"title":"rage-Computer-Guy","filename":"rage-Computer-Guy.jpg","tags":["other"]},{"title":"rage-fuck you","filename":"rage-fuck_you.jpg","tags":["other"]},{"title":"rage-horror","filename":"rage-horror.jpg","tags":["other"]},{"title":"rage-Okay-Guy-Rage-Face","filename":"rage-Okay-Guy-Rage-Face.jpg","tags":["other"]},{"title":"rage-I-Know-That-Feel-Bro","filename":"rage-I-Know-That-Feel-Bro.jpg","tags":["other"]},{"title":"rage-True-Story","filename":"rage-True-Story.jpg","tags":["other"]},{"title":"rage-x all the y sad","filename":"rage-x_all_the_y_sad.jpg","tags":["other"]},{"title":"rage-me gusta","filename":"rage-me_gusta.jpg","tags":["other"]},{"title":"socially awkward awesome penguin","filename":"socially_awkward_awesome_penguin.jpg","tags":["other"]},{"title":"rage-sad why","filename":"rage-sad_why.jpg","tags":["other"]},{"title":"rage-YaoMing-meme-300px","filename":"rage-YaoMing-meme-300px.png","tags":["other"]},{"title":"Ben-Chang-aka-Senor-Chang","filename":"Ben-Chang-aka-Senor-Chang.jpg","tags":["other"]},{"title":"rage-Question-Rage-Face","filename":"rage-Question-Rage-Face.jpg","tags":["other"]},{"title":"freedom-sunflower-kid","filename":"freedom-sunflower-kid.png","tags":["other"]},{"title":"rage-forever alone clean","filename":"rage-forever_alone_clean.jpg","tags":["other"]},{"title":"socially awesome awkward penguin","filename":"socially_awesome_awkward_penguin.jpg","tags":["other"]},{"title":"rage-how about no","filename":"rage-how_about_no.jpg","tags":["other"]},{"title":"rage-Determined-Guy-Rage-Face","filename":"rage-Determined-Guy-Rage-Face.jpg","tags":["other"]},{"title":"Mr-Bean-halftone","filename":"Mr-Bean-halftone.jpg","tags":["other"]},{"title":"rage-Forever-Alone-Happy","filename":"rage-Forever-Alone-Happy.jpg","tags":["other"]},{"title":"rage-x all the y","filename":"rage-x_all_the_y.jpg","tags":["other"]},{"title":"rage-y u no","filename":"rage-y_u_no.jpg","tags":["other"]},{"title":"memelines-blue","filename":"memelines-blue.png","tags":["other"]},{"title":"rage-ultra gay","filename":"rage-ultra_gay.jpg","tags":["other"]},{"title":"rage-Challenge-Accepted-Rage-Face","filename":"rage-Challenge-Accepted-Rage-Face.jpg","tags":["other"]},{"title":"rage-keyboard break","filename":"rage-keyboard_break.jpg","tags":["other"]},{"title":"rage-will smith","filename":"rage-will_smith.jpg","tags":["other"]},{"title":"potato-01","filename":"potato-01.jpg","tags":["other"]},{"title":"socially awkward penguin","filename":"socially_awkward_penguin.jpg","tags":["other"]},{"title":"rage-broken heart","filename":"rage-broken_heart.jpg","tags":["other"]},{"title":"rage-troll badumts","filename":"rage-troll_badumts.jpg","tags":["other"]},{"title":"rage-Seriously-Face","filename":"rage-Seriously-Face.jpg","tags":["other"]},{"title":"rage-blonde tongue down","filename":"rage-blonde_tongue_down.jpg","tags":["other"]},{"title":"memelines-yellow-orange","filename":"memelines-yellow-orange.png","tags":["other"]},{"title":"rage-You-Dont-Say","filename":"rage-You-Dont-Say.jpg","tags":["other"]},{"title":"rage-jesus","filename":"rage-jesus.jpg","tags":["other"]},{"title":"rage-Crying-Because-Of-Cute","filename":"rage-Crying-Because-Of-Cute.jpg","tags":["other"]},{"title":"Barack-Obama-With-Artistic-Gymnastic-McKayla-Maroney-2-(cc0)-300px","filename":"Barack-Obama-With-Artistic-Gymnastic-McKayla-Maroney-2-(cc0)-300px.jpg","tags":["other"]},{"title":"rage-concentrate","filename":"rage-concentrate.jpg","tags":["other"]},{"title":"socially awesome penguin","filename":"socially_awesome_penguin.jpg","tags":["other"]},{"title":"rage-blonde red tongue","filename":"rage-blonde_red_tongue.jpg","tags":["other"]},{"title":"rage-ha","filename":"rage-ha.jpg","tags":["other"]}],

    "fonts": [{
        "title": "Pressuru",
        "filename": "00_Pressuru.otf",
        "description": "general, default"
    }, {
        "title": "OpenSans",
        "filename": "OpenSans.ttf",
        "description": "general"
    }, {
        "title": "Aileron (Light)",
        "filename": "Aileron-Light.otf",
        "description": "general, long text"
    }, {
        "title": "ComicRelief",
        "filename": "01_ComicRelief.ttf",
        "description": "comic, doge"
    }, {
        "title": "DogeSans-Regular",
        "filename": "DogeSans-Regular.otf",
        "description": "comic, doge"
    }, {
        "title": "UCU Charles Script",
        "filename": "UCU Charles Script.ttf",
        "description": "just girly things"
    }, {
        "title": "DroidSerif",
        "filename": "DroidSerif.ttf",
        "description": "android"
    }, {
        "title": "Eenvoudige Batik",
        "filename": "Eenvoudige Batik.ttf"
    }, {
        "title": "Geometric Sans Serif",
        "filename": "Geometric Sans Serif.otf"
    }, {
        "title": "Halo3",
        "filename": "Halo3.ttf"
    }, {
        "title": "Inconsolata",
        "filename": "Inconsolata.otf"
    }, {
        "title": "NoContrast Serif",
        "filename": "NoContrast Serif.otf"
    }, {
        "title": "PixelFlag",
        "filename": "PixelFlag.ttf"
    }, {
        "title": "PressStart2P",
        "filename": "PressStart2P.ttf"
    }, {
        "title": "Roboto Bold",
        "filename": "Roboto Bold.ttf",
        "description": "android"
    }, {
        "title": "SourceSans Pro",
        "filename": "SourceSans Pro.otf"
    }, {
        "title": "The Godfather",
        "filename": "The Godfather.ttf"
    }]
}
